[
  {
    "id": "b55fb0e0-ff89-40ea-95c3-6e463bc58931",
    "data": [
      {
        "text": "which ",
        "userDefined": false
      },
      {
        "text": "departments",
        "alias": "departments",
        "meta": "@departments",
        "userDefined": true
      },
      {
        "text": " are there in the college",
        "userDefined": false
      }
    ],
    "isTemplate": false,
    "count": 0,
    "updated": 1518631444
  },
  {
    "id": "a1bedd51-6041-4dd8-b048-8003440a4984",
    "data": [
      {
        "text": "what is the ",
        "userDefined": false
      },
      {
        "text": "admission",
        "alias": "admission",
        "meta": "@sys.any",
        "userDefined": true
      },
      {
        "text": " process?",
        "userDefined": false
      }
    ],
    "isTemplate": false,
    "count": 0,
    "updated": 1518631444
  },
  {
    "id": "564a87b0-6d0f-4ca2-9310-f9d3dd48e914",
    "data": [
      {
        "text": "Which ",
        "userDefined": false
      },
      {
        "text": "societies",
        "alias": "societies",
        "meta": "@sys.any",
        "userDefined": true
      },
      {
        "text": " are there?",
        "userDefined": false
      }
    ],
    "isTemplate": false,
    "count": 0,
    "updated": 1518631444
  },
  {
    "id": "d80746e9-1fe9-4044-a5e1-4ebd90e53622",
    "data": [
      {
        "text": "what ",
        "userDefined": false
      },
      {
        "text": "facilities",
        "alias": "facilities",
        "meta": "@sys.any",
        "userDefined": true
      },
      {
        "text": " are provided by college",
        "userDefined": false
      }
    ],
    "isTemplate": false,
    "count": 0,
    "updated": 1518631444
  },
  {
    "id": "814f04f0-c4ac-4205-819f-abcc499db089",
    "data": [
      {
        "text": "had a query",
        "alias": "intro",
        "meta": "@sys.any",
        "userDefined": true
      }
    ],
    "isTemplate": false,
    "count": 0,
    "updated": 1518631444
  },
  {
    "id": "086f233f-dcc6-4474-9161-180407fda17a",
    "data": [
      {
        "text": "I am ",
        "userDefined": false
      },
      {
        "text": "preeti",
        "alias": "name",
        "meta": "@sys.any",
        "userDefined": true
      }
    ],
    "isTemplate": false,
    "count": 0,
    "updated": 1518631444
  },
  {
    "id": "7c63f2a9-96e9-44cb-8b9f-f839b4a11dd4",
    "data": [
      {
        "text": "I am a ",
        "userDefined": false
      },
      {
        "text": "grad",
        "alias": "graduate",
        "meta": "@graduate",
        "userDefined": true
      }
    ],
    "isTemplate": false,
    "count": 0,
    "updated": 1518631444
  },
  {
    "id": "2e918ad6-92cd-43df-9de5-5ea30df89121",
    "data": [
      {
        "text": "I want to know about the ",
        "userDefined": false
      },
      {
        "text": "courses",
        "alias": "course",
        "meta": "@course",
        "userDefined": true
      },
      {
        "text": " in IGDTUW.",
        "userDefined": false
      }
    ],
    "isTemplate": false,
    "count": 0,
    "updated": 1518631444
  },
  {
    "id": "42d585cb-36b6-4894-ac70-2f4291c72a3d",
    "data": [
      {
        "text": "My name is ",
        "userDefined": false
      },
      {
        "text": "Preeti",
        "alias": "name",
        "meta": "@sys.any",
        "userDefined": true
      },
      {
        "text": ", from ",
        "userDefined": false
      },
      {
        "text": "science",
        "meta": "@sys.ignore",
        "userDefined": true
      },
      {
        "text": " background. I want to  take admission in IGDTUW.",
        "userDefined": false
      }
    ],
    "isTemplate": false,
    "count": 0,
    "updated": 1518631444
  }
]