[
  {
    "value": "Computer Science and Engineering",
    "synonyms": [
      "Computer Science and Engineering",
      "cse"
    ]
  },
  {
    "value": "Electronics and Communication Engineering",
    "synonyms": [
      "Electronics and Communication Engineering",
      "ece"
    ]
  },
  {
    "value": "Information Technology",
    "synonyms": [
      "Information Technology",
      "it"
    ]
  },
  {
    "value": "Mechanical and Automation Engineering",
    "synonyms": [
      "Mechanical and Automation Engineering",
      "mae"
    ]
  },
  {
    "value": "Applied Sciences \u0026 Humanities",
    "synonyms": [
      "Applied Sciences \u0026 Humanities",
      "ash"
    ]
  },
  {
    "value": "Architecture and Planning",
    "synonyms": [
      "Architecture and Planning",
      "arch"
    ]
  },
  {
    "value": "departments",
    "synonyms": [
      "departments"
    ]
  }
]